{
  "algo": "SAC",
  "task": "FetchPickAndPlace-v4",
  "after_bc": 0.16666666666666666,
  "after_rl": 0.06666666666666667,
  "timesteps": 40000,
  "demos_transitions": 5402
}