{
  "algo": "SAC",
  "task": "FetchPickAndPlace-v4",
  "after_bc": 0.16666666666666666,
  "after_rl": 0.26666666666666666,
  "timesteps": 50000,
  "demos_transitions": 5402
}